rest,x_minus_rest,normal
0.999185,0.999375,0.999875
rest,x_minus_rest,normal
0.500468,0.869519,0.99988
rest,x_minus_rest,normal
0.999929,0.999823,0.999789
