rest,x_minus_rest,normal
0.998784,0.994444,0.999886
rest,x_minus_rest,normal
0.571717,0.415476,0.999954
rest,x_minus_rest,normal
0.449704,0.978744,0.99992
