rest,x_minus_rest,normal
0.965548,0.998779,0.999893
rest,x_minus_rest,normal
0.990422,0.989823,0.999704
rest,x_minus_rest,normal
0.993306,0.998577,0.999686
