rest,x_minus_rest,normal
0.971103,0.991756,0.999796
rest,x_minus_rest,normal
0.994863,0.964631,0.999725
rest,x_minus_rest,normal
0.98735,0.995411,0.999855
