rest,x_minus_rest,normal
0.0162548,0.0078785,0.999859
rest,x_minus_rest,normal
0.00231644,0.90291,0.999682
