rest,x_minus_rest,normal
0.994073,0.749721,0.999772
rest,x_minus_rest,normal
0.985438,0.761565,0.999649
rest,x_minus_rest,normal
0.429731,0.808376,0.999701
