rest,x_minus_rest,normal
0.0711133,0.156286,0.999633
rest,x_minus_rest,normal
0.607964,0.00223829,0.999944
rest,x_minus_rest,normal
0.00116714,0.000603807,0.999985
