rest,x_minus_rest,normal
0.000499803,0.396903,0.99999
rest,x_minus_rest,normal
0.348422,0.463456,0.999945
rest,x_minus_rest,normal
0.536175,0.566313,0.999933
