rest,x_minus_rest,normal
0.00195847,0.26509,0.999848
rest,x_minus_rest,normal
0.00171827,0.473984,0.999977
rest,x_minus_rest,normal
0.0143012,0.602087,0.999973
